{
	"pages": [
		{
			"path": "pages/index/index",
			"style": {
				"navigationBarTitleText": "某某省第一人民医院",
				"navigationStyle": "custom"
			}
		},
		{
			"path": "pages/nucleic-acid-map/index",
			"style": {
				"navigationBarTitleText": "核酸地图",
				"navigationStyle": "custom"
			}
		},
		{
			"path": "pages/mine/mine",
			"style": {
				"navigationBarTitleText": "",
				"navigationBarBackgroundColor": "#e3efff"
			}
		},
		{
			"path": "pages/my-service/my-registration/index",
			"style": {
				"navigationBarTitleText": "挂号记录",
				"navigationBarBackgroundColor": "#ffffff"
			}
		},
		{
			"path": "pages/registered/registered",
			"style": {
				"navigationBarTitleText": "预约挂号"
			}
		},
		{
			"path": "pages/doctor/index",
			"style": {
				"navigationBarTitleText": "选择医生",
				"navigationBarBackgroundColor": "#ffffff"
			}
		},
		{
			"path": "pages/doctor/doctor-Homepage",
			"style": {
				"navigationBarTitleText": "医生主页",
				"navigationBarBackgroundColor": "#ffffff"
			}
		},
		{
			"path": "pages/video/video",
			"style": {
				"navigationBarTitleText": "医师课堂"
			}
		},
		{
			"path": "pages/self-test/topic",
			"style": {
				"navigationBarTitleText": "测评题目",
				"navigationBarBackgroundColor": "#d6e8ff"
			}
		},
		{
			"path": "pages/self-test/result",
			"style": {
				"navigationBarTitleText": "测评结果",
				"navigationBarBackgroundColor": "#d6e8ff"
			}
		},
		{
			"path": "pages/my-service/phy-exam/index",
			"style": {
				"navigationBarTitleText": "体检预约订单",
				"navigationBarBackgroundColor": "#ffffff"
			}
		},
		{
			"path": "pages/phy-exam/index",
			"style": {
				"navigationBarTitleText": "体检预约",
				"navigationBarBackgroundColor": "#ffffff"
			}
		},
		{
			"path": "pages/phy-exam/Details",
			"style": {
				"navigationBarTitleText": "体检详情"
			}
		},
		{
			"path": "pages/graphics/index",
			"style": {
				"navigationBarTitleText": "图文咨询"
			}
		},
		{
			"path": "pages/my-service/my-patient/my-patient",
			"style": {
				"navigationBarTitleText": "我的就诊人",
				"navigationBarBackgroundColor": "#ffffff"
			}
		},
		{
			"path": "pages/my-service/my-patient/add-patient",
			"style": {
				"navigationBarTitleText": "创建就诊人",
				"navigationBarBackgroundColor": "#ffffff"
			}
		},
		{
			"path": "pages/my-service/nucleic-acid/index",
			"style": {
				"navigationBarTitleText": "核酸检测预约订单",
				"navigationBarBackgroundColor": "#ffffff"
			}
		},
		{
			"path": "pages/nucleic-acid/index",
			"style": {
				"navigationBarTitleText": "核酸检测预约"
			}
		},
		{
			"path": "pages/my-service/hpv-view/index",
			"style": {
				"navigationBarTitleText": "HPV疫苗预约订单",
				"navigationBarBackgroundColor": "#ffffff"
			}
		},
		{
			"path": "pages/hpv-vaccine/hpv-vaccine",
			"style": {
				"navigationBarTitleText": "宫颈癌疫苗在线预约"
			}
		},
		{
			"path": "pages/hpv-vaccine/hpv-buy",
			"style": {
				"navigationBarTitleText": "HPV套餐详情"
			}
		},
		{
			"path": "pages/my-service/xinguan/index",
			"style": {
				"navigationBarTitleText": "新冠疫苗预约订单",
				"navigationBarBackgroundColor": "#ffffff"
			}
		},
		{
			"path": "pages/xinguan-vaccine/xinguan-vaccine",
			"style": {
				"navigationBarTitleText": "新冠疫苗接种预约"
			}
		},
		{
			"path": "pages/login-page/index",
			"style": {
				"navigationBarTitleText": "登陆界面",
				"navigationStyle": "custom"
			}
		}
	],
	"globalStyle": {
		"navigationBarTextStyle": "black",
		"navigationBarTitleText": "uni-app",
		"navigationBarBackgroundColor": "#F8F8F8",
		"backgroundColor": "#F8F8F8"
	},
	"tabBar": {
		"color": "#7A7E83",
		"selectedColor": "#3cc51f",
		"backgroundColor": "#ffffff",
		"borderStyle": "black",
		"list": [
			{
				"pagePath": "pages/index/index",
				"text": "首页",
				"iconPath": "static/tab/shouye-001.png",
				"selectedIconPath": "static/tab/shouye-002.png"
			},
			{
				"pagePath": "pages/registered/registered",
				"text": "挂号",
				"iconPath": "static/tab/guahao-001.png",
				"selectedIconPath": "static/tab/guahao-002.png"
			},
			{
				"pagePath": "pages/video/video",
				"text": "医师课堂",
				"iconPath": "static/tab/shipin-001.png",
				"selectedIconPath": "static/tab/shipin-002.png"
			},
			{
				"pagePath": "pages/mine/mine",
				"text": "我的",
				"iconPath": "static/tab/wode-001.png",
				"selectedIconPath": "static/tab/wode-002.png"
			}
		]
	}
}
